CREATE DATABASE  IF NOT EXISTS `AirInsightDB` /*!40100 DEFAULT CHARACTER SET utf8 */;
USE `AirInsightDB`;
-- MySQL dump 10.13  Distrib 5.7.37, for Win64 (x86_64)
--
-- Host: localhost    Database: AirInsightDB
-- ------------------------------------------------------
-- Server version	5.5.5-10.5.15-MariaDB-0+deb11u1

/*!40101 SET @OLD_CHARACTER_SET_CLIENT=@@CHARACTER_SET_CLIENT */;
/*!40101 SET @OLD_CHARACTER_SET_RESULTS=@@CHARACTER_SET_RESULTS */;
/*!40101 SET @OLD_COLLATION_CONNECTION=@@COLLATION_CONNECTION */;
/*!40101 SET NAMES utf8 */;
/*!40103 SET @OLD_TIME_ZONE=@@TIME_ZONE */;
/*!40103 SET TIME_ZONE='+00:00' */;
/*!40014 SET @OLD_UNIQUE_CHECKS=@@UNIQUE_CHECKS, UNIQUE_CHECKS=0 */;
/*!40014 SET @OLD_FOREIGN_KEY_CHECKS=@@FOREIGN_KEY_CHECKS, FOREIGN_KEY_CHECKS=0 */;
/*!40101 SET @OLD_SQL_MODE=@@SQL_MODE, SQL_MODE='NO_AUTO_VALUE_ON_ZERO' */;
/*!40111 SET @OLD_SQL_NOTES=@@SQL_NOTES, SQL_NOTES=0 */;

--
-- Table structure for table `DeviceEenheid`
--

DROP TABLE IF EXISTS `DeviceEenheid`;
/*!40101 SET @saved_cs_client     = @@character_set_client */;
/*!40101 SET character_set_client = utf8 */;
CREATE TABLE `DeviceEenheid` (
  `EenheidID` int(11) NOT NULL AUTO_INCREMENT,
  `eenheid` varchar(45) NOT NULL,
  `beschrijving` varchar(255) DEFAULT NULL,
  `devicenaam` varchar(50) NOT NULL,
  `type` varchar(10) NOT NULL,
  `deviceBeschrijving` varchar(100) DEFAULT NULL,
  PRIMARY KEY (`EenheidID`)
) ENGINE=InnoDB AUTO_INCREMENT=21 DEFAULT CHARSET=utf8;
/*!40101 SET character_set_client = @saved_cs_client */;

--
-- Dumping data for table `DeviceEenheid`
--

LOCK TABLES `DeviceEenheid` WRITE;
/*!40000 ALTER TABLE `DeviceEenheid` DISABLE KEYS */;
INSERT INTO `DeviceEenheid` VALUES (1,'rpm','RPM ventilator','NF-A4x10','IN','Ventilator met tachometer'),(2,'PPM','CO2 PPM (0-5000)','MH-Z19B','IN','CO2 sensor'),(3,'µg/m3','PM1.0 SP',' PMS5003','IN','Particulate Matter sensor'),(4,'µg/m3','PM2.5 SP',' PMS5003','IN','Particulate Matter sensor'),(5,'µg/m3','pm10 SP',' PMS5003','IN','Particulate Matter sensor'),(6,'µg/m3','PM1.0 AP',' PMS5003','IN','Particulate Matter sensor'),(7,'µg/m3','PM2.5 AP',' PMS5003','IN','Particulate Matter sensor'),(8,'µg/m3','PM10 AP',' PMS5003','IN','Particulate Matter sensor'),(9,'particles/0.1l','aantal deeltjes met diameter > 0.3µm per 0.1l lucht',' PMS5003','IN','Particulate Matter sensor'),(10,'particles/0.1l','aantal deeltjes met diameter > 0.5µm per 0.1l lucht',' PMS5003','IN','Particulate Matter sensor'),(11,'particles/0.1l','aantal deeltjes met diameter >1 µm per 0.1l lucht',' PMS5003','IN','Particulate Matter sensor'),(12,'particles/0.1l','aantal deeltjes met diameter >2.5 µm per 0.1l lucht',' PMS5003','IN','Particulate Matter sensor'),(13,'particles/0.1l','aantal deeltjes met diameter >5.0 µm per 0.1l lucht',' PMS5003','IN','Particulate Matter sensor'),(14,'particles/0.1l','aantal deeltjes met diameter >10 µm per 0.1l lucht',' PMS5003','IN','Particulate Matter sensor'),(15,'°C','Temperatuur','BME680','IN','Vochtigheid, temp, luchtdruk, voc sensor '),(16,'%','Relatieve vochtigheid','BME680','IN','Vochtigheid, temp, luchtdruk, voc sensor '),(17,'hPa','luhtdruk','BME680','IN','Vochtigheid, temp, luchtdruk, voc sensor '),(18,'IAQ','Air quality index','BME680','IN','Vochtigheid, temp, luchtdruk, voc sensor '),(19,'PWM','Ventilator PWM snelheid instellen','BME680','OUT','Vochtigheid, temp, luchtdruk, voc sensor '),(20,'on/off','pi aan/uit','PI4','BOTH','Controller');
/*!40000 ALTER TABLE `DeviceEenheid` ENABLE KEYS */;
UNLOCK TABLES;

--
-- Table structure for table `acties`
--

DROP TABLE IF EXISTS `acties`;
/*!40101 SET @saved_cs_client     = @@character_set_client */;
/*!40101 SET character_set_client = utf8 */;
CREATE TABLE `acties` (
  `ActieID` int(11) NOT NULL,
  `naam` varchar(45) NOT NULL,
  PRIMARY KEY (`ActieID`)
) ENGINE=InnoDB DEFAULT CHARSET=utf8;
/*!40101 SET character_set_client = @saved_cs_client */;

--
-- Dumping data for table `acties`
--

LOCK TABLES `acties` WRITE;
/*!40000 ALTER TABLE `acties` DISABLE KEYS */;
INSERT INTO `acties` VALUES (1,'Inlezen'),(2,'Pi aan'),(3,'Pi uit'),(4,'Ventilatorsnelheid weizigen');
/*!40000 ALTER TABLE `acties` ENABLE KEYS */;
UNLOCK TABLES;

--
-- Table structure for table `historiek`
--

DROP TABLE IF EXISTS `historiek`;
/*!40101 SET @saved_cs_client     = @@character_set_client */;
/*!40101 SET character_set_client = utf8 */;
CREATE TABLE `historiek` (
  `GebeurtenisID` int(11) NOT NULL,
  `Datum` datetime NOT NULL,
  `setWaarde` int(11) DEFAULT NULL,
  `actieID` int(11) NOT NULL,
  `EenheidID` int(11) NOT NULL,
  PRIMARY KEY (`GebeurtenisID`),
  KEY `fk_historiek_deviceeenheid_idx` (`EenheidID`),
  KEY `fk_gebeurtenissen_acties1_idx` (`actieID`),
  CONSTRAINT `fk_gebeurtenissen_acties1` FOREIGN KEY (`actieID`) REFERENCES `acties` (`ActieID`) ON DELETE NO ACTION ON UPDATE NO ACTION,
  CONSTRAINT `fk_historiek_deviceeenheid` FOREIGN KEY (`EenheidID`) REFERENCES `DeviceEenheid` (`EenheidID`) ON DELETE NO ACTION ON UPDATE NO ACTION
) ENGINE=InnoDB DEFAULT CHARSET=utf8;
/*!40101 SET character_set_client = @saved_cs_client */;

--
-- Dumping data for table `historiek`
--

LOCK TABLES `historiek` WRITE;
/*!40000 ALTER TABLE `historiek` DISABLE KEYS */;
INSERT INTO `historiek` VALUES (1,'2022-05-23 03:44:12',700,1,1),(2,'2022-05-24 03:45:12',485,1,2),(3,'2022-05-25 03:46:12',35,1,3),(4,'2022-05-26 03:47:12',50,1,4),(5,'2022-05-27 03:48:12',70,1,5),(6,'2022-05-28 03:49:12',35,1,6),(7,'2022-05-29 03:50:12',50,1,7),(8,'2022-05-30 03:51:12',70,1,8),(9,'2022-05-31 03:52:12',389,1,9),(10,'2022-06-01 03:53:12',300,1,10),(11,'2022-06-02 03:54:12',270,1,11),(12,'2022-06-03 03:55:12',240,1,12),(13,'2022-06-04 03:56:12',120,1,13),(14,'2022-06-05 03:57:12',59,1,14),(15,'2022-06-06 03:58:12',23,1,15),(16,'2022-06-07 03:59:12',65,1,16),(17,'2022-06-08 04:00:12',1024,1,17),(18,'2022-06-09 04:01:12',70,1,18),(19,'2022-06-10 04:02:12',20,1,19),(20,'2022-06-11 04:03:12',600,1,1),(21,'2022-06-12 04:04:12',485,1,2),(22,'2022-06-13 04:05:12',35,1,3),(23,'2022-06-14 04:06:12',50,1,4),(24,'2022-06-15 04:07:12',70,1,5),(25,'2022-06-16 04:08:12',35,1,6),(26,'2022-06-17 04:09:12',50,1,7),(27,'2022-06-18 04:10:12',70,1,8),(28,'2022-06-19 04:11:12',389,1,9),(29,'2022-06-20 04:12:12',300,1,10),(30,'2022-06-21 04:13:12',270,1,11),(31,'2022-06-22 04:14:12',240,1,12),(32,'2022-06-23 04:15:12',120,1,13),(33,'2022-06-24 04:16:12',59,1,14),(34,'2022-06-25 04:17:12',23,1,15),(35,'2022-06-26 04:18:12',65,1,16),(36,'2022-06-27 04:19:12',1024,1,17),(37,'2022-06-28 04:20:12',70,1,18),(38,'2022-06-29 04:21:12',20,4,19),(39,'2022-06-30 04:22:12',500,1,1),(40,'2022-07-01 04:23:12',485,1,2),(41,'2022-07-02 04:24:12',35,1,3),(42,'2022-07-03 04:25:12',50,1,4),(43,'2022-07-04 04:26:12',70,1,5),(44,'2022-07-05 04:27:12',35,1,6),(45,'2022-07-06 04:28:12',50,1,7),(46,'2022-07-07 04:29:12',70,1,8),(47,'2022-07-08 04:30:12',389,1,9),(48,'2022-07-09 04:31:12',300,1,10),(49,'2022-07-10 04:32:12',270,1,11),(50,'2022-05-24 13:59:22',1281,1,2),(51,'2022-05-24 13:59:39',1245,1,2),(52,'2022-05-24 14:00:39',1246,1,2),(53,'2022-05-24 14:01:40',1270,1,2),(54,'2022-05-24 14:02:40',1271,1,2),(55,'2022-05-24 14:03:40',1210,1,2),(56,'2022-05-24 14:04:40',1248,1,2),(57,'2022-05-24 14:05:41',1235,1,2),(58,'2022-05-24 14:06:41',1259,1,2),(59,'2022-05-24 14:07:41',1306,1,2),(60,'2022-05-24 14:08:42',1266,1,2),(61,'2022-05-24 14:09:42',1242,1,2),(62,'2022-05-24 14:10:42',1272,1,2),(63,'2022-05-24 14:11:42',1275,1,2),(64,'2022-05-24 14:12:42',1273,1,2),(65,'2022-05-24 14:13:43',1315,1,2),(66,'2022-05-24 14:14:43',1281,1,2),(67,'2022-05-24 14:15:43',1257,1,2),(68,'2022-05-24 14:16:43',1257,1,2),(69,'2022-05-24 14:17:43',1263,1,2),(70,'2022-05-24 14:18:44',1255,1,2),(71,'2022-05-24 14:19:44',1249,1,2),(72,'2022-05-24 14:20:44',1256,1,2),(73,'2022-05-24 14:21:44',1259,1,2),(75,'2022-05-24 14:23:33',6,1,3),(76,'2022-05-24 14:23:33',9,1,4),(77,'2022-05-24 14:23:33',4,1,5),(78,'2022-05-24 14:23:33',6,1,6),(79,'2022-05-24 14:23:33',9,1,7),(80,'2022-05-24 14:23:33',822,1,8),(81,'2022-05-24 14:23:33',247,1,9),(82,'2022-05-24 14:23:33',53,1,10),(83,'2022-05-24 14:23:33',6,1,11),(84,'2022-05-24 14:23:33',4,1,12),(85,'2022-05-24 14:23:33',2,1,13),(86,'2022-05-24 14:24:24',3,1,3),(87,'2022-05-24 14:24:24',4,1,4),(88,'2022-05-24 14:24:24',4,1,5),(89,'2022-05-24 14:24:24',3,1,6),(90,'2022-05-24 14:24:24',4,1,7),(91,'2022-05-24 14:24:24',4,1,8),(92,'2022-05-24 14:24:24',627,1,9),(93,'2022-05-24 14:24:24',181,1,10),(94,'2022-05-24 14:24:24',40,1,11),(95,'2022-05-24 14:24:24',0,1,12),(96,'2022-05-24 14:24:24',0,1,13),(97,'2022-05-24 14:24:24',0,1,14),(98,'2022-05-24 14:25:25',3,1,3),(99,'2022-05-24 14:25:25',4,1,4),(100,'2022-05-24 14:25:26',4,1,5),(101,'2022-05-24 14:25:26',3,1,6),(102,'2022-05-24 14:25:26',4,1,7),(103,'2022-05-24 14:25:26',4,1,8),(104,'2022-05-24 14:25:26',633,1,9),(105,'2022-05-24 14:25:26',179,1,10),(106,'2022-05-24 14:25:26',38,1,11),(107,'2022-05-24 14:25:26',0,1,12),(108,'2022-05-24 14:25:26',0,1,13),(109,'2022-05-24 14:25:27',0,1,14),(110,'2022-05-24 14:26:28',3,1,3),(111,'2022-05-24 14:26:28',4,1,4),(112,'2022-05-24 14:26:28',4,1,5),(113,'2022-05-24 14:26:28',3,1,6),(114,'2022-05-24 14:26:28',4,1,7),(115,'2022-05-24 14:26:28',4,1,8),(116,'2022-05-24 14:26:28',633,1,9),(117,'2022-05-24 14:26:28',179,1,10),(118,'2022-05-24 14:26:29',38,1,11),(119,'2022-05-24 14:26:29',0,1,12),(120,'2022-05-24 14:26:29',0,1,13),(121,'2022-05-24 14:26:29',0,1,14),(122,'2022-05-24 14:27:30',3,1,3),(123,'2022-05-24 14:27:30',4,1,4),(124,'2022-05-24 14:27:30',4,1,5),(125,'2022-05-24 14:27:30',3,1,6),(126,'2022-05-24 14:27:30',4,1,7),(127,'2022-05-24 14:27:31',4,1,8),(128,'2022-05-24 14:27:31',633,1,9),(129,'2022-05-24 14:27:31',179,1,10),(130,'2022-05-24 14:27:31',38,1,11),(131,'2022-05-24 14:27:31',0,1,12),(132,'2022-05-24 14:27:31',0,1,13),(133,'2022-05-24 14:27:31',0,1,14),(134,'2022-05-24 14:28:32',3,1,3),(135,'2022-05-24 14:28:33',4,1,4),(136,'2022-05-24 14:28:33',4,1,5),(137,'2022-05-24 14:28:33',3,1,6),(138,'2022-05-24 14:28:33',4,1,7),(139,'2022-05-24 14:28:33',4,1,8),(140,'2022-05-24 14:28:33',648,1,9),(141,'2022-05-24 14:28:33',184,1,10),(142,'2022-05-24 14:28:33',36,1,11),(143,'2022-05-24 14:28:34',0,1,12),(144,'2022-05-24 14:28:34',0,1,13),(145,'2022-05-24 14:28:34',0,1,14),(146,'2022-05-24 14:29:35',3,1,3),(147,'2022-05-24 14:29:35',4,1,4),(148,'2022-05-24 14:29:35',4,1,5),(149,'2022-05-24 14:29:35',3,1,6),(150,'2022-05-24 14:29:35',4,1,7),(151,'2022-05-24 14:29:35',4,1,8),(152,'2022-05-24 14:29:36',648,1,9),(153,'2022-05-24 14:29:36',184,1,10),(154,'2022-05-24 14:29:36',36,1,11),(155,'2022-05-24 14:29:36',0,1,12),(156,'2022-05-24 14:29:36',0,1,13),(157,'2022-05-24 14:29:36',0,1,14),(158,'2022-05-24 14:30:37',3,1,3),(159,'2022-05-24 14:30:37',4,1,4),(160,'2022-05-24 14:30:37',4,1,5),(161,'2022-05-24 14:30:38',3,1,6),(162,'2022-05-24 14:30:38',4,1,7),(163,'2022-05-24 14:30:38',4,1,8),(164,'2022-05-24 14:30:38',648,1,9),(165,'2022-05-24 14:30:38',184,1,10),(166,'2022-05-24 14:30:38',36,1,11),(167,'2022-05-24 14:30:38',0,1,12),(168,'2022-05-24 14:30:38',0,1,13),(169,'2022-05-24 14:30:38',0,1,14),(170,'2022-05-24 14:31:40',3,1,3),(171,'2022-05-24 14:31:40',4,1,4),(172,'2022-05-24 14:31:40',6,1,5),(173,'2022-05-24 14:31:40',3,1,6),(174,'2022-05-24 14:31:40',4,1,7),(175,'2022-05-24 14:31:40',6,1,8),(176,'2022-05-24 14:31:40',633,1,9),(177,'2022-05-24 14:31:40',184,1,10),(178,'2022-05-24 14:31:40',33,1,11),(179,'2022-05-24 14:31:40',2,1,12),(180,'2022-05-24 14:31:41',2,1,13),(181,'2022-05-24 14:31:41',2,1,14),(182,'2022-05-24 14:32:42',3,1,3),(183,'2022-05-24 14:32:42',4,1,4),(184,'2022-05-24 14:32:42',6,1,5),(185,'2022-05-24 14:32:42',3,1,6),(186,'2022-05-24 14:32:42',4,1,7),(187,'2022-05-24 14:32:42',6,1,8),(188,'2022-05-24 14:32:42',633,1,9),(189,'2022-05-24 14:32:43',184,1,10),(190,'2022-05-24 14:32:43',33,1,11),(191,'2022-05-24 14:32:43',2,1,12),(192,'2022-05-24 14:32:43',2,1,13),(193,'2022-05-24 14:32:43',2,1,14),(194,'2022-05-24 14:33:44',3,1,3),(195,'2022-05-24 14:33:44',4,1,4),(196,'2022-05-24 14:33:44',6,1,5),(197,'2022-05-24 14:33:45',3,1,6),(198,'2022-05-24 14:33:45',4,1,7),(199,'2022-05-24 14:33:45',6,1,8),(200,'2022-05-24 14:33:45',633,1,9),(201,'2022-05-24 14:33:45',184,1,10),(202,'2022-05-24 14:33:45',33,1,11),(203,'2022-05-24 14:33:45',2,1,12),(204,'2022-05-24 14:33:45',2,1,13),(205,'2022-05-24 14:33:45',2,1,14),(206,'2022-05-24 14:34:47',3,1,3),(207,'2022-05-24 14:34:47',5,1,4),(208,'2022-05-24 14:34:47',7,1,5),(209,'2022-05-24 14:34:47',3,1,6),(210,'2022-05-24 14:34:47',5,1,7),(211,'2022-05-24 14:34:47',7,1,8),(212,'2022-05-24 14:34:47',678,1,9),(213,'2022-05-24 14:34:47',202,1,10),(214,'2022-05-24 14:34:47',40,1,11),(215,'2022-05-24 14:34:48',4,1,12),(216,'2022-05-24 14:34:48',2,1,13),(217,'2022-05-24 14:34:48',2,1,14),(218,'2022-05-24 14:35:49',3,1,3),(219,'2022-05-24 14:35:49',5,1,4),(220,'2022-05-24 14:35:49',7,1,5),(221,'2022-05-24 14:35:49',3,1,6),(222,'2022-05-24 14:35:49',5,1,7),(223,'2022-05-24 14:35:49',7,1,8),(224,'2022-05-24 14:35:50',678,1,9),(225,'2022-05-24 14:35:50',202,1,10),(226,'2022-05-24 14:35:50',40,1,11),(227,'2022-05-24 14:35:50',4,1,12),(228,'2022-05-24 14:35:50',2,1,13),(229,'2022-05-24 14:35:50',2,1,14),(230,'2022-05-24 14:36:51',3,1,3),(231,'2022-05-24 14:36:52',5,1,4),(232,'2022-05-24 14:36:52',7,1,5),(233,'2022-05-24 14:36:52',3,1,6),(234,'2022-05-24 14:36:52',5,1,7),(235,'2022-05-24 14:36:52',7,1,8),(236,'2022-05-24 14:36:52',678,1,9),(237,'2022-05-24 14:36:52',202,1,10),(238,'2022-05-24 14:36:52',40,1,11),(239,'2022-05-24 14:36:52',4,1,12),(240,'2022-05-24 14:36:52',2,1,13),(241,'2022-05-24 14:36:53',2,1,14),(242,'2022-05-24 14:37:54',3,1,3),(243,'2022-05-24 14:37:54',5,1,4),(244,'2022-05-24 14:37:54',7,1,5),(245,'2022-05-24 14:37:54',3,1,6),(246,'2022-05-24 14:37:54',5,1,7),(247,'2022-05-24 14:37:54',7,1,8),(248,'2022-05-24 14:37:54',672,1,9),(249,'2022-05-24 14:37:54',202,1,10),(250,'2022-05-24 14:37:55',40,1,11),(251,'2022-05-24 14:37:55',4,1,12),(252,'2022-05-24 14:37:55',2,1,13),(253,'2022-05-24 14:37:55',2,1,14),(254,'2022-05-24 14:38:56',3,1,3),(255,'2022-05-24 14:38:56',5,1,4),(256,'2022-05-24 14:38:56',7,1,5),(257,'2022-05-24 14:38:56',3,1,6),(258,'2022-05-24 14:38:56',5,1,7),(259,'2022-05-24 14:38:57',7,1,8),(260,'2022-05-24 14:38:57',672,1,9),(261,'2022-05-24 14:38:57',202,1,10),(262,'2022-05-24 14:38:57',40,1,11),(263,'2022-05-24 14:38:57',4,1,12),(264,'2022-05-24 14:38:57',2,1,13),(265,'2022-05-24 14:38:57',2,1,14),(266,'2022-05-24 14:39:58',3,1,3),(267,'2022-05-24 14:39:59',5,1,4),(268,'2022-05-24 14:39:59',7,1,5),(269,'2022-05-24 14:39:59',3,1,6),(270,'2022-05-24 14:39:59',5,1,7),(271,'2022-05-24 14:39:59',7,1,8),(272,'2022-05-24 14:39:59',672,1,9),(273,'2022-05-24 14:39:59',202,1,10),(274,'2022-05-24 14:39:59',40,1,11),(275,'2022-05-24 14:40:00',4,1,12),(276,'2022-05-24 14:40:00',2,1,13),(277,'2022-05-24 14:40:00',2,1,14),(278,'2022-05-24 14:41:01',3,1,3),(279,'2022-05-24 14:41:01',6,1,4),(280,'2022-05-24 14:41:01',9,1,5),(281,'2022-05-24 14:41:01',3,1,6),(282,'2022-05-24 14:41:01',6,1,7),(283,'2022-05-24 14:41:01',9,1,8),(284,'2022-05-24 14:41:02',711,1,9),(285,'2022-05-24 14:41:02',218,1,10),(286,'2022-05-24 14:41:02',45,1,11),(287,'2022-05-24 14:41:02',9,1,12),(288,'2022-05-24 14:41:02',4,1,13),(289,'2022-05-24 14:41:02',2,1,14),(290,'2022-05-24 14:42:03',3,1,3),(291,'2022-05-24 14:42:03',6,1,4),(292,'2022-05-24 14:42:04',9,1,5),(293,'2022-05-24 14:42:04',3,1,6),(294,'2022-05-24 14:42:04',6,1,7),(295,'2022-05-24 14:42:04',9,1,8),(296,'2022-05-24 14:42:04',711,1,9),(297,'2022-05-24 14:42:04',218,1,10),(298,'2022-05-24 14:42:04',45,1,11),(299,'2022-05-24 14:42:04',9,1,12),(300,'2022-05-24 14:42:04',4,1,13),(301,'2022-05-24 14:42:05',2,1,14),(302,'2022-05-24 14:43:06',3,1,3),(303,'2022-05-24 14:43:06',6,1,4),(304,'2022-05-24 14:43:06',9,1,5),(305,'2022-05-24 14:43:06',3,1,6),(306,'2022-05-24 14:43:06',6,1,7),(307,'2022-05-24 14:43:06',9,1,8),(308,'2022-05-24 14:43:06',711,1,9),(309,'2022-05-24 14:43:06',218,1,10),(310,'2022-05-24 14:43:07',45,1,11),(311,'2022-05-24 14:43:07',9,1,12),(312,'2022-05-24 14:43:07',4,1,13),(313,'2022-05-24 14:43:07',2,1,14),(314,'2022-05-24 14:43:12',2,1,3),(315,'2022-05-24 14:43:12',3,1,4),(316,'2022-05-24 14:43:12',3,1,5),(317,'2022-05-24 14:43:12',2,1,6),(318,'2022-05-24 14:43:12',3,1,7),(319,'2022-05-24 14:43:12',3,1,8),(320,'2022-05-24 14:43:12',516,1,9),(321,'2022-05-24 14:43:12',148,1,10),(322,'2022-05-24 14:43:12',28,1,11),(323,'2022-05-24 14:43:12',0,1,12),(324,'2022-05-24 14:43:12',0,1,13),(325,'2022-05-24 14:43:12',0,1,14),(326,'2022-05-24 14:44:13',2,1,3),(327,'2022-05-24 14:44:13',3,1,4),(328,'2022-05-24 14:44:13',3,1,5),(329,'2022-05-24 14:44:14',2,1,6),(330,'2022-05-24 14:44:14',3,1,7),(331,'2022-05-24 14:44:14',3,1,8),(332,'2022-05-24 14:44:14',516,1,9),(333,'2022-05-24 14:44:14',148,1,10),(334,'2022-05-24 14:44:14',28,1,11),(335,'2022-05-24 14:44:14',0,1,12),(336,'2022-05-24 14:44:14',0,1,13),(337,'2022-05-24 14:44:14',0,1,14),(338,'2022-05-24 14:45:16',2,1,3),(339,'2022-05-24 14:45:16',3,1,4),(340,'2022-05-24 14:45:16',3,1,5),(341,'2022-05-24 14:45:16',2,1,6),(342,'2022-05-24 14:45:16',3,1,7),(343,'2022-05-24 14:45:16',3,1,8),(344,'2022-05-24 14:45:16',516,1,9),(345,'2022-05-24 14:45:16',148,1,10),(346,'2022-05-24 14:45:16',28,1,11),(347,'2022-05-24 14:45:17',0,1,12),(348,'2022-05-24 14:45:17',0,1,13),(349,'2022-05-24 14:45:17',0,1,14),(350,'2022-05-24 14:46:18',2,1,3),(351,'2022-05-24 14:46:18',3,1,4),(352,'2022-05-24 14:46:18',3,1,5),(353,'2022-05-24 14:46:18',2,1,6),(354,'2022-05-24 14:46:19',3,1,7),(355,'2022-05-24 14:46:19',3,1,8),(356,'2022-05-24 14:46:19',501,1,9),(357,'2022-05-24 14:46:19',143,1,10),(358,'2022-05-24 14:46:19',28,1,11),(359,'2022-05-24 14:46:19',0,1,12),(360,'2022-05-24 14:46:19',0,1,13),(361,'2022-05-24 14:46:19',0,1,14),(362,'2022-05-24 14:47:21',2,1,3),(363,'2022-05-24 14:47:21',3,1,4),(364,'2022-05-24 14:47:21',3,1,5),(365,'2022-05-24 14:47:21',2,1,6),(366,'2022-05-24 14:47:21',3,1,7),(367,'2022-05-24 14:47:21',3,1,8),(368,'2022-05-24 14:47:21',501,1,9),(369,'2022-05-24 14:47:21',143,1,10),(370,'2022-05-24 14:47:21',28,1,11),(371,'2022-05-24 14:47:22',0,1,12),(372,'2022-05-24 14:47:22',0,1,13),(373,'2022-05-24 14:47:22',0,1,14),(374,'2022-05-24 14:48:23',2,1,3),(375,'2022-05-24 14:48:23',3,1,4),(376,'2022-05-24 14:48:23',3,1,5),(377,'2022-05-24 14:48:23',2,1,6),(378,'2022-05-24 14:48:23',3,1,7),(379,'2022-05-24 14:48:24',3,1,8),(380,'2022-05-24 14:48:24',501,1,9),(381,'2022-05-24 14:48:24',143,1,10),(382,'2022-05-24 14:48:24',28,1,11),(383,'2022-05-24 14:48:24',0,1,12),(384,'2022-05-24 14:48:24',0,1,13),(385,'2022-05-24 14:48:24',0,1,14),(386,'2022-05-24 14:49:25',2,1,3),(387,'2022-05-24 14:49:25',3,1,4),(388,'2022-05-24 14:49:26',3,1,5),(389,'2022-05-24 14:49:26',2,1,6),(390,'2022-05-24 14:49:26',3,1,7),(391,'2022-05-24 14:49:26',3,1,8),(392,'2022-05-24 14:49:26',501,1,9),(393,'2022-05-24 14:49:26',143,1,10),(394,'2022-05-24 14:49:26',23,1,11),(395,'2022-05-24 14:49:26',0,1,12),(396,'2022-05-24 14:49:26',0,1,13),(397,'2022-05-24 14:49:27',0,1,14),(398,'2022-05-24 14:50:28',2,1,3),(399,'2022-05-24 14:50:28',3,1,4),(400,'2022-05-24 14:50:28',3,1,5),(401,'2022-05-24 14:50:28',2,1,6),(402,'2022-05-24 14:50:28',3,1,7),(403,'2022-05-24 14:50:28',3,1,8),(404,'2022-05-24 14:50:28',501,1,9),(405,'2022-05-24 14:50:29',143,1,10),(406,'2022-05-24 14:50:29',23,1,11),(407,'2022-05-24 14:50:29',0,1,12),(408,'2022-05-24 14:50:29',0,1,13),(409,'2022-05-24 14:50:29',0,1,14),(410,'2022-05-24 14:51:30',2,1,3),(411,'2022-05-24 14:51:30',3,1,4),(412,'2022-05-24 14:51:30',3,1,5),(413,'2022-05-24 14:51:30',2,1,6),(414,'2022-05-24 14:51:31',3,1,7),(415,'2022-05-24 14:51:31',3,1,8),(416,'2022-05-24 14:51:31',501,1,9),(417,'2022-05-24 14:51:31',143,1,10),(418,'2022-05-24 14:51:31',23,1,11),(419,'2022-05-24 14:51:31',0,1,12),(420,'2022-05-24 14:51:31',0,1,13),(421,'2022-05-24 14:51:31',0,1,14),(422,'2022-05-24 14:52:32',2,1,3),(423,'2022-05-24 14:52:33',3,1,4),(424,'2022-05-24 14:52:33',4,1,5),(425,'2022-05-24 14:52:33',2,1,6),(426,'2022-05-24 14:52:33',3,1,7),(427,'2022-05-24 14:52:33',4,1,8),(428,'2022-05-24 14:52:33',477,1,9),(429,'2022-05-24 14:52:33',133,1,10),(430,'2022-05-24 14:52:33',26,1,11),(431,'2022-05-24 14:52:33',2,1,12),(432,'2022-05-24 14:52:33',2,1,13),(433,'2022-05-24 14:52:33',2,1,14),(434,'2022-05-24 14:53:35',2,1,3),(435,'2022-05-24 14:53:35',3,1,4),(436,'2022-05-24 14:53:35',4,1,5),(437,'2022-05-24 14:53:35',2,1,6),(438,'2022-05-24 14:53:35',3,1,7),(439,'2022-05-24 14:53:35',4,1,8),(440,'2022-05-24 14:53:35',477,1,9),(441,'2022-05-24 14:53:35',133,1,10),(442,'2022-05-24 14:53:35',26,1,11),(443,'2022-05-24 14:53:36',2,1,12),(444,'2022-05-24 14:53:36',2,1,13),(445,'2022-05-24 14:53:36',2,1,14),(446,'2022-05-24 14:54:37',2,1,3),(447,'2022-05-24 14:54:37',3,1,4),(448,'2022-05-24 14:54:37',4,1,5),(449,'2022-05-24 14:54:37',2,1,6),(450,'2022-05-24 14:54:37',3,1,7),(451,'2022-05-24 14:54:38',4,1,8),(452,'2022-05-24 14:54:38',477,1,9),(453,'2022-05-24 14:54:38',133,1,10),(454,'2022-05-24 14:54:38',26,1,11),(455,'2022-05-24 14:54:38',2,1,12),(456,'2022-05-24 14:54:38',2,1,13),(457,'2022-05-24 14:54:38',2,1,14),(458,'2022-05-24 14:55:40',3,1,3),(459,'2022-05-24 14:55:40',3,1,4),(460,'2022-05-24 14:55:40',5,1,5),(461,'2022-05-24 14:55:40',3,1,6),(462,'2022-05-24 14:55:40',3,1,7),(463,'2022-05-24 14:55:40',5,1,8),(464,'2022-05-24 14:55:40',561,1,9),(465,'2022-05-24 14:55:40',161,1,10),(466,'2022-05-24 14:55:40',26,1,11),(467,'2022-05-24 14:55:41',2,1,12),(468,'2022-05-24 14:55:41',2,1,13),(469,'2022-05-24 14:55:41',2,1,14),(470,'2022-05-24 14:56:42',3,1,3),(471,'2022-05-24 14:56:42',3,1,4),(472,'2022-05-24 14:56:42',5,1,5),(473,'2022-05-24 14:56:42',3,1,6),(474,'2022-05-24 14:56:42',3,1,7),(475,'2022-05-24 14:56:43',5,1,8),(476,'2022-05-24 14:56:43',561,1,9),(477,'2022-05-24 14:56:43',161,1,10),(478,'2022-05-24 14:56:43',26,1,11),(479,'2022-05-24 14:56:43',2,1,12),(480,'2022-05-24 14:56:43',2,1,13),(481,'2022-05-24 14:56:43',2,1,14),(482,'2022-05-24 14:57:44',3,1,3),(483,'2022-05-24 14:57:44',3,1,4),(484,'2022-05-24 14:57:45',5,1,5),(485,'2022-05-24 14:57:45',3,1,6),(486,'2022-05-24 14:57:45',3,1,7),(487,'2022-05-24 14:57:45',5,1,8),(488,'2022-05-24 14:57:45',561,1,9),(489,'2022-05-24 14:57:45',161,1,10),(490,'2022-05-24 14:57:45',26,1,11),(491,'2022-05-24 14:57:45',2,1,12),(492,'2022-05-24 14:57:45',2,1,13),(493,'2022-05-24 14:57:46',2,1,14),(494,'2022-05-24 14:58:47',3,1,3),(495,'2022-05-24 14:58:47',4,1,4),(496,'2022-05-24 14:58:47',6,1,5),(497,'2022-05-24 14:58:47',3,1,6),(498,'2022-05-24 14:58:47',4,1,7),(499,'2022-05-24 14:58:47',6,1,8),(500,'2022-05-24 14:58:47',615,1,9),(501,'2022-05-24 14:58:47',177,1,10),(502,'2022-05-24 14:58:48',36,1,11),(503,'2022-05-24 14:58:48',4,1,12),(504,'2022-05-24 14:58:48',2,1,13),(505,'2022-05-24 14:58:48',2,1,14),(506,'2022-05-24 14:59:49',3,1,3),(507,'2022-05-24 14:59:49',4,1,4),(508,'2022-05-24 14:59:49',6,1,5),(509,'2022-05-24 14:59:49',3,1,6),(510,'2022-05-24 14:59:49',4,1,7),(511,'2022-05-24 14:59:50',6,1,8),(512,'2022-05-24 14:59:50',615,1,9),(513,'2022-05-24 14:59:50',177,1,10),(514,'2022-05-24 14:59:50',36,1,11),(515,'2022-05-24 14:59:50',4,1,12),(516,'2022-05-24 14:59:50',2,1,13),(517,'2022-05-24 14:59:50',2,1,14),(518,'2022-05-24 15:00:51',3,1,3),(519,'2022-05-24 15:00:52',4,1,4),(520,'2022-05-24 15:00:52',6,1,5),(521,'2022-05-24 15:00:52',3,1,6),(522,'2022-05-24 15:00:52',4,1,7),(523,'2022-05-24 15:00:52',6,1,8),(524,'2022-05-24 15:00:52',615,1,9),(525,'2022-05-24 15:00:52',177,1,10),(526,'2022-05-24 15:00:52',36,1,11),(527,'2022-05-24 15:00:52',4,1,12),(528,'2022-05-24 15:00:52',2,1,13),(529,'2022-05-24 15:00:53',2,1,14),(530,'2022-05-24 15:01:54',3,1,3),(531,'2022-05-24 15:01:54',4,1,4),(532,'2022-05-24 15:01:54',6,1,5),(533,'2022-05-24 15:01:54',3,1,6),(534,'2022-05-24 15:01:54',4,1,7),(535,'2022-05-24 15:01:54',6,1,8),(536,'2022-05-24 15:01:54',609,1,9),(537,'2022-05-24 15:01:54',175,1,10),(538,'2022-05-24 15:01:54',33,1,11),(539,'2022-05-24 15:01:55',4,1,12),(540,'2022-05-24 15:01:55',2,1,13),(541,'2022-05-24 15:01:55',2,1,14),(542,'2022-05-24 15:02:56',3,1,3),(543,'2022-05-24 15:02:56',4,1,4),(544,'2022-05-24 15:02:56',6,1,5),(545,'2022-05-24 15:02:56',3,1,6),(546,'2022-05-24 15:02:56',4,1,7),(547,'2022-05-24 15:02:57',6,1,8),(548,'2022-05-24 15:02:57',609,1,9),(549,'2022-05-24 15:02:57',175,1,10),(550,'2022-05-24 15:02:57',33,1,11),(551,'2022-05-24 15:02:57',4,1,12),(552,'2022-05-24 15:02:57',2,1,13),(553,'2022-05-24 15:02:57',2,1,14),(554,'2022-05-24 15:03:58',3,1,3),(555,'2022-05-24 15:03:58',4,1,4),(556,'2022-05-24 15:03:58',6,1,5),(557,'2022-05-24 15:03:59',3,1,6),(558,'2022-05-24 15:03:59',4,1,7),(559,'2022-05-24 15:03:59',6,1,8),(560,'2022-05-24 15:03:59',609,1,9),(561,'2022-05-24 15:03:59',175,1,10),(562,'2022-05-24 15:03:59',33,1,11),(563,'2022-05-24 15:03:59',4,1,12),(564,'2022-05-24 15:03:59',2,1,13),(565,'2022-05-24 15:03:59',2,1,14),(566,'2022-05-24 15:05:01',3,1,3),(567,'2022-05-24 15:05:01',4,1,4),(568,'2022-05-24 15:05:01',5,1,5),(569,'2022-05-24 15:05:01',3,1,6),(570,'2022-05-24 15:05:01',4,1,7),(571,'2022-05-24 15:05:01',5,1,8),(572,'2022-05-24 15:05:01',591,1,9),(573,'2022-05-24 15:05:01',159,1,10),(574,'2022-05-24 15:05:01',28,1,11),(575,'2022-05-24 15:05:01',4,1,12),(576,'2022-05-24 15:05:02',2,1,13),(577,'2022-05-24 15:05:02',2,1,14),(578,'2022-05-24 15:06:03',3,1,3),(579,'2022-05-24 15:06:03',4,1,4),(580,'2022-05-24 15:06:03',5,1,5),(581,'2022-05-24 15:06:03',3,1,6),(582,'2022-05-24 15:06:03',4,1,7),(583,'2022-05-24 15:06:03',5,1,8),(584,'2022-05-24 15:06:04',591,1,9),(585,'2022-05-24 15:06:04',159,1,10),(586,'2022-05-24 15:06:04',28,1,11),(587,'2022-05-24 15:06:04',4,1,12),(588,'2022-05-24 15:06:04',2,1,13),(589,'2022-05-24 15:06:04',2,1,14),(590,'2022-05-24 15:07:05',3,1,3),(591,'2022-05-24 15:07:05',4,1,4),(592,'2022-05-24 15:07:05',5,1,5),(593,'2022-05-24 15:07:06',3,1,6),(594,'2022-05-24 15:07:06',4,1,7),(595,'2022-05-24 15:07:06',5,1,8),(596,'2022-05-24 15:07:06',591,1,9),(597,'2022-05-24 15:07:06',159,1,10),(598,'2022-05-24 15:07:06',28,1,11),(599,'2022-05-24 15:07:06',4,1,12),(600,'2022-05-24 15:07:06',2,1,13),(601,'2022-05-24 15:07:07',2,1,14),(602,'2022-05-24 15:08:08',3,1,3),(603,'2022-05-24 15:08:08',4,1,4),(604,'2022-05-24 15:08:08',6,1,5),(605,'2022-05-24 15:08:08',3,1,6),(606,'2022-05-24 15:08:08',4,1,7),(607,'2022-05-24 15:08:08',6,1,8),(608,'2022-05-24 15:08:08',567,1,9),(609,'2022-05-24 15:08:08',164,1,10),(610,'2022-05-24 15:08:09',31,1,11),(611,'2022-05-24 15:08:09',4,1,12),(612,'2022-05-24 15:08:09',2,1,13),(613,'2022-05-24 15:08:09',2,1,14),(614,'2022-05-24 15:09:10',3,1,3),(615,'2022-05-24 15:09:10',4,1,4),(616,'2022-05-24 15:09:10',6,1,5),(617,'2022-05-24 15:09:10',3,1,6),(618,'2022-05-24 15:09:10',4,1,7),(619,'2022-05-24 15:09:11',6,1,8),(620,'2022-05-24 15:09:11',567,1,9),(621,'2022-05-24 15:09:11',164,1,10),(622,'2022-05-24 15:09:11',31,1,11),(623,'2022-05-24 15:09:11',4,1,12),(624,'2022-05-24 15:09:11',2,1,13),(625,'2022-05-24 15:09:11',2,1,14),(626,'2022-05-24 15:10:12',3,1,3),(627,'2022-05-24 15:10:13',4,1,4),(628,'2022-05-24 15:10:13',6,1,5),(629,'2022-05-24 15:10:13',3,1,6),(630,'2022-05-24 15:10:13',4,1,7),(631,'2022-05-24 15:10:13',6,1,8),(632,'2022-05-24 15:10:13',567,1,9),(633,'2022-05-24 15:10:13',164,1,10),(634,'2022-05-24 15:10:13',31,1,11),(635,'2022-05-24 15:10:13',4,1,12),(636,'2022-05-24 15:10:14',2,1,13),(637,'2022-05-24 15:10:14',2,1,14),(638,'2022-05-24 15:11:15',2,1,3),(639,'2022-05-24 15:11:15',3,1,4),(640,'2022-05-24 15:11:15',5,1,5),(641,'2022-05-24 15:11:15',2,1,6),(642,'2022-05-24 15:11:15',3,1,7),(643,'2022-05-24 15:11:15',5,1,8),(644,'2022-05-24 15:11:16',504,1,9),(645,'2022-05-24 15:11:16',146,1,10),(646,'2022-05-24 15:11:16',26,1,11),(647,'2022-05-24 15:11:16',4,1,12),(648,'2022-05-24 15:11:16',2,1,13),(649,'2022-05-24 15:11:16',2,1,14),(650,'2022-05-24 15:12:17',2,1,3),(651,'2022-05-24 15:12:17',3,1,4),(652,'2022-05-24 15:12:18',5,1,5),(653,'2022-05-24 15:12:18',2,1,6),(654,'2022-05-24 15:12:18',3,1,7),(655,'2022-05-24 15:12:18',5,1,8),(656,'2022-05-24 15:12:18',504,1,9),(657,'2022-05-24 15:12:18',146,1,10),(658,'2022-05-24 15:12:18',26,1,11),(659,'2022-05-24 15:12:18',4,1,12),(660,'2022-05-24 15:12:18',2,1,13),(661,'2022-05-24 15:12:18',2,1,14),(662,'2022-05-24 15:13:20',2,1,3),(663,'2022-05-24 15:13:20',3,1,4),(664,'2022-05-24 15:13:20',5,1,5),(665,'2022-05-24 15:13:20',2,1,6),(666,'2022-05-24 15:13:20',3,1,7),(667,'2022-05-24 15:13:20',5,1,8),(668,'2022-05-24 15:13:20',504,1,9),(669,'2022-05-24 15:13:20',146,1,10),(670,'2022-05-24 15:13:20',26,1,11),(671,'2022-05-24 15:13:21',4,1,12),(672,'2022-05-24 15:13:21',2,1,13),(673,'2022-05-24 15:13:21',2,1,14),(674,'2022-05-24 15:14:22',2,1,3),(675,'2022-05-24 15:14:22',3,1,4),(676,'2022-05-24 15:14:22',6,1,5),(677,'2022-05-24 15:14:22',2,1,6),(678,'2022-05-24 15:14:22',3,1,7),(679,'2022-05-24 15:14:22',6,1,8),(680,'2022-05-24 15:14:23',489,1,9),(681,'2022-05-24 15:14:23',141,1,10),(682,'2022-05-24 15:14:23',26,1,11),(683,'2022-05-24 15:14:23',6,1,12),(684,'2022-05-24 15:14:23',4,1,13),(685,'2022-05-24 15:14:23',4,1,14),(686,'2022-05-24 15:15:24',2,1,3),(687,'2022-05-24 15:15:25',3,1,4),(688,'2022-05-24 15:15:25',6,1,5),(689,'2022-05-24 15:15:25',2,1,6),(690,'2022-05-24 15:15:25',3,1,7),(691,'2022-05-24 15:15:25',6,1,8),(692,'2022-05-24 15:15:25',489,1,9),(693,'2022-05-24 15:15:25',141,1,10),(694,'2022-05-24 15:15:26',26,1,11),(695,'2022-05-24 15:15:26',6,1,12),(696,'2022-05-24 15:15:26',4,1,13),(697,'2022-05-24 15:15:26',4,1,14),(698,'2022-05-24 15:16:27',2,1,3),(699,'2022-05-24 15:16:27',3,1,4),(700,'2022-05-24 15:16:27',6,1,5),(701,'2022-05-24 15:16:27',2,1,6),(702,'2022-05-24 15:16:28',3,1,7),(703,'2022-05-24 15:16:28',6,1,8),(704,'2022-05-24 15:16:28',489,1,9),(705,'2022-05-24 15:16:28',141,1,10),(706,'2022-05-24 15:16:28',26,1,11),(707,'2022-05-24 15:16:28',6,1,12),(708,'2022-05-24 15:16:28',4,1,13),(709,'2022-05-24 15:16:28',4,1,14),(710,'2022-05-24 15:17:30',2,1,3),(711,'2022-05-24 15:17:30',3,1,4),(712,'2022-05-24 15:17:30',6,1,5),(713,'2022-05-24 15:17:30',2,1,6),(714,'2022-05-24 15:17:30',3,1,7),(715,'2022-05-24 15:17:30',6,1,8),(716,'2022-05-24 15:17:30',549,1,9),(717,'2022-05-24 15:17:30',159,1,10),(718,'2022-05-24 15:17:30',33,1,11),(719,'2022-05-24 15:17:30',6,1,12),(720,'2022-05-24 15:17:31',4,1,13),(721,'2022-05-24 15:17:31',4,1,14),(722,'2022-05-24 15:18:32',2,1,3),(723,'2022-05-24 15:18:32',3,1,4),(724,'2022-05-24 15:18:32',6,1,5),(725,'2022-05-24 15:18:32',2,1,6),(726,'2022-05-24 15:18:32',3,1,7),(727,'2022-05-24 15:18:32',6,1,8),(728,'2022-05-24 15:18:33',549,1,9),(729,'2022-05-24 15:18:33',159,1,10),(730,'2022-05-24 15:18:33',33,1,11),(731,'2022-05-24 15:18:33',6,1,12),(732,'2022-05-24 15:18:33',4,1,13),(733,'2022-05-24 15:18:33',4,1,14),(734,'2022-05-24 15:19:34',2,1,3),(735,'2022-05-24 15:19:34',3,1,4),(736,'2022-05-24 15:19:35',6,1,5),(737,'2022-05-24 15:19:35',2,1,6),(738,'2022-05-24 15:19:35',3,1,7),(739,'2022-05-24 15:19:35',6,1,8),(740,'2022-05-24 15:19:35',549,1,9),(741,'2022-05-24 15:19:35',159,1,10),(742,'2022-05-24 15:19:35',33,1,11),(743,'2022-05-24 15:19:35',6,1,12),(744,'2022-05-24 15:19:35',4,1,13),(745,'2022-05-24 15:19:35',4,1,14),(746,'2022-05-24 15:20:37',1,1,3),(747,'2022-05-24 15:20:37',2,1,4),(748,'2022-05-24 15:20:37',6,1,5),(749,'2022-05-24 15:20:37',1,1,6),(750,'2022-05-24 15:20:37',2,1,7),(751,'2022-05-24 15:20:37',6,1,8),(752,'2022-05-24 15:20:37',504,1,9),(753,'2022-05-24 15:20:37',144,1,10),(754,'2022-05-24 15:20:37',33,1,11),(755,'2022-05-24 15:20:38',6,1,12),(756,'2022-05-24 15:20:38',4,1,13),(757,'2022-05-24 15:20:38',4,1,14),(758,'2022-05-24 15:21:39',2,1,3),(759,'2022-05-24 15:21:39',3,1,4),(760,'2022-05-24 15:21:39',7,1,5),(761,'2022-05-24 15:21:39',2,1,6),(762,'2022-05-24 15:21:39',3,1,7),(763,'2022-05-24 15:21:40',7,1,8),(764,'2022-05-24 15:21:40',504,1,9),(765,'2022-05-24 15:21:40',144,1,10),(766,'2022-05-24 15:21:40',33,1,11),(767,'2022-05-24 15:21:40',6,1,12),(768,'2022-05-24 15:21:40',4,1,13),(769,'2022-05-24 15:21:40',4,1,14),(770,'2022-05-24 15:22:41',2,1,3),(771,'2022-05-24 15:22:41',3,1,4),(772,'2022-05-24 15:22:42',7,1,5),(773,'2022-05-24 15:22:42',2,1,6),(774,'2022-05-24 15:22:42',3,1,7),(775,'2022-05-24 15:22:42',7,1,8),(776,'2022-05-24 15:22:42',504,1,9),(777,'2022-05-24 15:22:42',144,1,10),(778,'2022-05-24 15:22:42',33,1,11),(779,'2022-05-24 15:22:42',6,1,12),(780,'2022-05-24 15:22:42',4,1,13),(781,'2022-05-24 15:22:42',4,1,14),(782,'2022-05-24 15:23:44',3,1,3),(783,'2022-05-24 15:23:44',4,1,4),(784,'2022-05-24 15:23:44',6,1,5),(785,'2022-05-24 15:23:44',3,1,6),(786,'2022-05-24 15:23:44',4,1,7),(787,'2022-05-24 15:23:44',6,1,8),(788,'2022-05-24 15:23:44',621,1,9),(789,'2022-05-24 15:23:44',177,1,10),(790,'2022-05-24 15:23:44',35,1,11),(791,'2022-05-24 15:23:45',4,1,12),(792,'2022-05-24 15:23:45',2,1,13),(793,'2022-05-24 15:23:45',2,1,14),(794,'2022-05-24 15:24:46',3,1,3),(795,'2022-05-24 15:24:46',4,1,4),(796,'2022-05-24 15:24:46',6,1,5),(797,'2022-05-24 15:24:46',3,1,6),(798,'2022-05-24 15:24:46',4,1,7),(799,'2022-05-24 15:24:47',6,1,8),(800,'2022-05-24 15:24:47',621,1,9),(801,'2022-05-24 15:24:47',177,1,10),(802,'2022-05-24 15:24:47',35,1,11),(803,'2022-05-24 15:24:47',4,1,12),(804,'2022-05-24 15:24:47',2,1,13),(805,'2022-05-24 15:24:47',2,1,14),(806,'2022-05-24 15:25:48',3,1,3),(807,'2022-05-24 15:25:48',4,1,4),(808,'2022-05-24 15:25:49',6,1,5),(809,'2022-05-24 15:25:49',3,1,6),(810,'2022-05-24 15:25:49',4,1,7),(811,'2022-05-24 15:25:49',6,1,8),(812,'2022-05-24 15:25:49',621,1,9),(813,'2022-05-24 15:25:49',177,1,10),(814,'2022-05-24 15:25:49',35,1,11),(815,'2022-05-24 15:25:49',4,1,12),(816,'2022-05-24 15:25:49',2,1,13),(817,'2022-05-24 15:25:50',2,1,14),(818,'2022-05-24 15:26:51',3,1,3),(819,'2022-05-24 15:26:51',4,1,4),(820,'2022-05-24 15:26:51',6,1,5),(821,'2022-05-24 15:26:51',3,1,6),(822,'2022-05-24 15:26:51',4,1,7),(823,'2022-05-24 15:26:51',6,1,8),(824,'2022-05-24 15:26:51',585,1,9),(825,'2022-05-24 15:26:51',162,1,10),(826,'2022-05-24 15:26:52',38,1,11),(827,'2022-05-24 15:26:52',4,1,12),(828,'2022-05-24 15:26:52',2,1,13),(829,'2022-05-24 15:26:52',2,1,14),(830,'2022-05-24 15:27:53',3,1,3),(831,'2022-05-24 15:27:53',4,1,4),(832,'2022-05-24 15:27:53',6,1,5),(833,'2022-05-24 15:27:53',3,1,6),(834,'2022-05-24 15:27:54',4,1,7),(835,'2022-05-24 15:27:54',6,1,8),(836,'2022-05-24 15:27:54',585,1,9),(837,'2022-05-24 15:27:54',162,1,10),(838,'2022-05-24 15:27:54',38,1,11),(839,'2022-05-24 15:27:54',4,1,12),(840,'2022-05-24 15:27:54',2,1,13),(841,'2022-05-24 15:27:54',2,1,14),(842,'2022-05-24 15:28:56',3,1,3),(843,'2022-05-24 15:28:56',4,1,4),(844,'2022-05-24 15:28:56',6,1,5),(845,'2022-05-24 15:28:56',3,1,6),(846,'2022-05-24 15:28:56',4,1,7),(847,'2022-05-24 15:28:56',6,1,8),(848,'2022-05-24 15:28:56',585,1,9),(849,'2022-05-24 15:28:56',162,1,10),(850,'2022-05-24 15:28:56',38,1,11),(851,'2022-05-24 15:28:56',4,1,12),(852,'2022-05-24 15:28:57',2,1,13),(853,'2022-05-24 15:28:57',2,1,14),(854,'2022-05-24 15:29:58',2,1,3),(855,'2022-05-24 15:29:58',4,1,4),(856,'2022-05-24 15:29:58',6,1,5),(857,'2022-05-24 15:29:58',2,1,6),(858,'2022-05-24 15:29:58',4,1,7),(859,'2022-05-24 15:29:58',6,1,8),(860,'2022-05-24 15:29:58',561,1,9),(861,'2022-05-24 15:29:59',156,1,10),(862,'2022-05-24 15:29:59',35,1,11),(863,'2022-05-24 15:29:59',4,1,12),(864,'2022-05-24 15:29:59',2,1,13),(865,'2022-05-24 15:29:59',2,1,14),(866,'2022-05-24 15:31:00',2,1,3),(867,'2022-05-24 15:31:00',4,1,4),(868,'2022-05-24 15:31:00',6,1,5),(869,'2022-05-24 15:31:01',2,1,6),(870,'2022-05-24 15:31:01',4,1,7),(871,'2022-05-24 15:31:01',6,1,8),(872,'2022-05-24 15:31:01',561,1,9),(873,'2022-05-24 15:31:01',156,1,10),(874,'2022-05-24 15:31:01',35,1,11),(875,'2022-05-24 15:31:01',4,1,12),(876,'2022-05-24 15:31:01',2,1,13),(877,'2022-05-24 15:31:01',2,1,14),(878,'2022-05-24 15:32:03',2,1,3),(879,'2022-05-24 15:32:03',4,1,4),(880,'2022-05-24 15:32:03',6,1,5),(881,'2022-05-24 15:32:03',2,1,6),(882,'2022-05-24 15:32:03',4,1,7),(883,'2022-05-24 15:32:03',6,1,8),(884,'2022-05-24 15:32:03',561,1,9),(885,'2022-05-24 15:32:03',156,1,10),(886,'2022-05-24 15:32:03',35,1,11),(887,'2022-05-24 15:32:03',4,1,12),(888,'2022-05-24 15:32:03',2,1,13),(889,'2022-05-24 15:32:04',2,1,14),(890,'2022-05-24 15:33:05',2,1,3),(891,'2022-05-24 15:33:05',3,1,4),(892,'2022-05-24 15:33:05',6,1,5),(893,'2022-05-24 15:33:05',2,1,6),(894,'2022-05-24 15:33:05',3,1,7),(895,'2022-05-24 15:33:05',6,1,8),(896,'2022-05-24 15:33:05',567,1,9),(897,'2022-05-24 15:33:06',158,1,10),(898,'2022-05-24 15:33:06',33,1,11),(899,'2022-05-24 15:33:06',4,1,12),(900,'2022-05-24 15:33:06',2,1,13),(901,'2022-05-24 15:33:06',2,1,14),(902,'2022-05-24 15:34:07',2,1,3),(903,'2022-05-24 15:34:07',3,1,4),(904,'2022-05-24 15:34:07',6,1,5),(905,'2022-05-24 15:34:07',2,1,6),(906,'2022-05-24 15:34:08',3,1,7),(907,'2022-05-24 15:34:08',6,1,8),(908,'2022-05-24 15:34:08',567,1,9),(909,'2022-05-24 15:34:08',158,1,10),(910,'2022-05-24 15:34:08',33,1,11),(911,'2022-05-24 15:34:08',4,1,12),(912,'2022-05-24 15:34:08',2,1,13),(913,'2022-05-24 15:34:08',2,1,14),(914,'2022-05-24 15:35:10',2,1,3),(915,'2022-05-24 15:35:10',3,1,4),(916,'2022-05-24 15:35:10',6,1,5),(917,'2022-05-24 15:35:10',2,1,6),(918,'2022-05-24 15:35:10',3,1,7),(919,'2022-05-24 15:35:10',6,1,8),(920,'2022-05-24 15:35:10',567,1,9),(921,'2022-05-24 15:35:10',158,1,10),(922,'2022-05-24 15:35:10',33,1,11),(923,'2022-05-24 15:35:10',4,1,12),(924,'2022-05-24 15:35:10',2,1,13),(925,'2022-05-24 15:35:11',2,1,14),(926,'2022-05-24 15:36:12',2,1,3),(927,'2022-05-24 15:36:12',4,1,4),(928,'2022-05-24 15:36:12',6,1,5),(929,'2022-05-24 15:36:12',2,1,6),(930,'2022-05-24 15:36:12',4,1,7),(931,'2022-05-24 15:36:12',6,1,8),(932,'2022-05-24 15:36:12',567,1,9),(933,'2022-05-24 15:36:12',163,1,10),(934,'2022-05-24 15:36:13',35,1,11),(935,'2022-05-24 15:36:13',4,1,12),(936,'2022-05-24 15:36:13',2,1,13),(937,'2022-05-24 15:36:13',2,1,14),(938,'2022-05-24 15:37:14',2,1,3),(939,'2022-05-24 15:37:14',4,1,4),(940,'2022-05-24 15:37:14',6,1,5),(941,'2022-05-24 15:37:14',2,1,6),(942,'2022-05-24 15:37:15',4,1,7),(943,'2022-05-24 15:37:15',6,1,8),(944,'2022-05-24 15:37:15',567,1,9),(945,'2022-05-24 15:37:15',163,1,10),(946,'2022-05-24 15:37:15',35,1,11),(947,'2022-05-24 15:37:15',4,1,12),(948,'2022-05-24 15:37:15',2,1,13),(949,'2022-05-24 15:37:15',2,1,14),(950,'2022-05-24 15:38:16',2,1,3),(951,'2022-05-24 15:38:17',4,1,4),(952,'2022-05-24 15:38:17',6,1,5),(953,'2022-05-24 15:38:17',2,1,6),(954,'2022-05-24 15:38:17',4,1,7),(955,'2022-05-24 15:38:17',6,1,8),(956,'2022-05-24 15:38:17',567,1,9),(957,'2022-05-24 15:38:17',163,1,10),(958,'2022-05-24 15:38:17',35,1,11),(959,'2022-05-24 15:38:17',4,1,12),(960,'2022-05-24 15:38:17',2,1,13),(961,'2022-05-24 15:38:18',2,1,14),(962,'2022-05-24 15:39:19',2,1,3),(963,'2022-05-24 15:39:19',4,1,4),(964,'2022-05-24 15:39:19',6,1,5),(965,'2022-05-24 15:39:19',2,1,6),(966,'2022-05-24 15:39:19',4,1,7),(967,'2022-05-24 15:39:19',6,1,8),(968,'2022-05-24 15:39:19',573,1,9),(969,'2022-05-24 15:39:19',163,1,10),(970,'2022-05-24 15:39:20',35,1,11),(971,'2022-05-24 15:39:20',4,1,12),(972,'2022-05-24 15:39:20',2,1,13),(973,'2022-05-24 15:39:20',2,1,14),(974,'2022-05-24 15:40:21',2,1,3),(975,'2022-05-24 15:40:21',4,1,4),(976,'2022-05-24 15:40:21',6,1,5),(977,'2022-05-24 15:40:21',2,1,6),(978,'2022-05-24 15:40:22',4,1,7),(979,'2022-05-24 15:40:22',6,1,8),(980,'2022-05-24 15:40:22',573,1,9),(981,'2022-05-24 15:40:22',163,1,10),(982,'2022-05-24 15:40:22',35,1,11),(983,'2022-05-24 15:40:22',4,1,12),(984,'2022-05-24 15:40:22',2,1,13),(985,'2022-05-24 15:40:22',2,1,14),(986,'2022-05-24 15:41:23',2,1,3),(987,'2022-05-24 15:41:24',4,1,4),(988,'2022-05-24 15:41:24',6,1,5),(989,'2022-05-24 15:41:24',2,1,6),(990,'2022-05-24 15:41:24',4,1,7),(991,'2022-05-24 15:41:24',6,1,8),(992,'2022-05-24 15:41:24',573,1,9),(993,'2022-05-24 15:41:24',163,1,10),(994,'2022-05-24 15:41:24',35,1,11),(995,'2022-05-24 15:41:24',4,1,12),(996,'2022-05-24 15:41:25',2,1,13),(997,'2022-05-24 15:41:25',2,1,14),(998,'2022-05-24 15:42:26',2,1,3),(999,'2022-05-24 15:42:26',4,1,4),(1000,'2022-05-24 15:42:26',6,1,5),(1001,'2022-05-24 15:42:26',2,1,6),(1002,'2022-05-24 15:42:26',4,1,7),(1003,'2022-05-24 15:42:26',6,1,8),(1004,'2022-05-24 15:42:26',588,1,9),(1005,'2022-05-24 15:42:27',168,1,10),(1006,'2022-05-24 15:42:27',40,1,11),(1007,'2022-05-24 15:42:27',4,1,12),(1008,'2022-05-24 15:42:27',2,1,13),(1009,'2022-05-24 15:42:27',2,1,14),(1010,'2022-05-24 15:43:28',2,1,3),(1011,'2022-05-24 15:43:28',4,1,4),(1012,'2022-05-24 15:43:29',6,1,5),(1013,'2022-05-24 15:43:29',2,1,6),(1014,'2022-05-24 15:43:29',4,1,7),(1015,'2022-05-24 15:43:29',6,1,8),(1016,'2022-05-24 15:43:29',588,1,9),(1017,'2022-05-24 15:43:29',168,1,10),(1018,'2022-05-24 15:43:29',40,1,11),(1019,'2022-05-24 15:43:29',4,1,12),(1020,'2022-05-24 15:43:29',2,1,13),(1021,'2022-05-24 15:43:30',2,1,14),(1022,'2022-05-24 15:44:31',2,1,3),(1023,'2022-05-24 15:44:31',4,1,4),(1024,'2022-05-24 15:44:31',6,1,5),(1025,'2022-05-24 15:44:31',2,1,6),(1026,'2022-05-24 15:44:31',4,1,7),(1027,'2022-05-24 15:44:32',6,1,8),(1028,'2022-05-24 15:44:32',588,1,9),(1029,'2022-05-24 15:44:32',168,1,10),(1030,'2022-05-24 15:44:32',40,1,11),(1031,'2022-05-24 15:44:32',4,1,12),(1032,'2022-05-24 15:44:32',2,1,13),(1033,'2022-05-24 15:44:32',2,1,14),(1034,'2022-05-24 15:45:04',0,1,3),(1035,'2022-05-24 15:45:04',1,1,4),(1036,'2022-05-24 15:45:04',2,1,5),(1037,'2022-05-24 15:45:04',0,1,6),(1038,'2022-05-24 15:45:04',1,1,7),(1039,'2022-05-24 15:45:04',2,1,8),(1040,'2022-05-24 15:45:04',288,1,9),(1041,'2022-05-24 15:45:04',79,1,10),(1042,'2022-05-24 15:45:04',10,1,11),(1043,'2022-05-24 15:45:04',2,1,12),(1044,'2022-05-24 15:45:04',0,1,13),(1045,'2022-05-24 15:45:04',0,1,14),(1046,'2022-05-24 15:45:35',1,1,3),(1047,'2022-05-24 15:45:35',1,1,4),(1048,'2022-05-24 15:45:35',1,1,5),(1049,'2022-05-24 15:45:35',1,1,6),(1050,'2022-05-24 15:45:35',1,1,7),(1051,'2022-05-24 15:45:35',1,1,8),(1052,'2022-05-24 15:45:35',291,1,9),(1053,'2022-05-24 15:45:35',82,1,10),(1054,'2022-05-24 15:45:35',6,1,11),(1055,'2022-05-24 15:45:35',0,1,12),(1056,'2022-05-24 15:45:35',0,1,13),(1057,'2022-05-24 15:45:35',0,1,14),(1058,'2022-05-24 15:46:36',1,1,3),(1059,'2022-05-24 15:46:36',1,1,4),(1060,'2022-05-24 15:46:36',1,1,5),(1061,'2022-05-24 15:46:36',1,1,6),(1062,'2022-05-24 15:46:37',1,1,7),(1063,'2022-05-24 15:46:37',1,1,8),(1064,'2022-05-24 15:46:37',291,1,9),(1065,'2022-05-24 15:46:37',82,1,10),(1066,'2022-05-24 15:46:37',6,1,11),(1067,'2022-05-24 15:46:37',0,1,12),(1068,'2022-05-24 15:46:37',0,1,13),(1069,'2022-05-24 15:46:37',0,1,14),(1070,'2022-05-24 15:47:32',1,1,3),(1071,'2022-05-24 15:47:32',1,1,4),(1072,'2022-05-24 15:47:32',2,1,5),(1073,'2022-05-24 15:47:32',1,1,6),(1074,'2022-05-24 15:47:32',1,1,7),(1075,'2022-05-24 15:47:32',2,1,8),(1076,'2022-05-24 15:47:32',273,1,9),(1077,'2022-05-24 15:47:32',80,1,10),(1078,'2022-05-24 15:47:32',10,1,11),(1079,'2022-05-24 15:47:32',4,1,12),(1080,'2022-05-24 15:47:32',0,1,13),(1081,'2022-05-24 15:47:32',0,1,14),(1082,'2022-05-24 15:48:34',1,1,3),(1083,'2022-05-24 15:48:34',1,1,4),(1084,'2022-05-24 15:48:34',2,1,5),(1085,'2022-05-24 15:48:34',1,1,6),(1086,'2022-05-24 15:48:34',1,1,7),(1087,'2022-05-24 15:48:34',2,1,8),(1088,'2022-05-24 15:48:34',273,1,9),(1089,'2022-05-24 15:48:34',80,1,10),(1090,'2022-05-24 15:48:34',10,1,11),(1091,'2022-05-24 15:48:34',4,1,12),(1092,'2022-05-24 15:48:34',0,1,13),(1093,'2022-05-24 15:48:34',0,1,14),(1094,'2022-05-24 15:49:13',1,1,3),(1095,'2022-05-24 15:49:13',1,1,4),(1096,'2022-05-24 15:49:13',1,1,5),(1097,'2022-05-24 15:49:13',1,1,6),(1098,'2022-05-24 15:49:13',1,1,7),(1099,'2022-05-24 15:49:13',1,1,8),(1100,'2022-05-24 15:49:13',270,1,9),(1101,'2022-05-24 15:49:13',80,1,10),(1102,'2022-05-24 15:49:13',18,1,11),(1103,'2022-05-24 15:49:13',0,1,12),(1104,'2022-05-24 15:49:13',0,1,13),(1105,'2022-05-24 15:49:13',0,1,14),(1106,'2022-05-24 15:50:08',1,1,3),(1107,'2022-05-24 15:50:08',1,1,4),(1108,'2022-05-24 15:50:08',1,1,5),(1109,'2022-05-24 15:50:08',1,1,6),(1110,'2022-05-24 15:50:08',1,1,7),(1111,'2022-05-24 15:50:08',1,1,8),(1112,'2022-05-24 15:50:08',213,1,9),(1113,'2022-05-24 15:50:08',65,1,10),(1114,'2022-05-24 15:50:08',12,1,11),(1115,'2022-05-24 15:50:08',0,1,12),(1116,'2022-05-24 15:50:08',0,1,13),(1117,'2022-05-24 15:50:08',0,1,14),(1118,'2022-05-24 15:51:05',2,1,3),(1119,'2022-05-24 15:51:05',3,1,4),(1120,'2022-05-24 15:51:05',4,1,5),(1121,'2022-05-24 15:51:05',2,1,6),(1122,'2022-05-24 15:51:05',3,1,7),(1123,'2022-05-24 15:51:06',4,1,8),(1124,'2022-05-24 15:51:06',525,1,9),(1125,'2022-05-24 15:51:06',142,1,10),(1126,'2022-05-24 15:51:06',21,1,11),(1127,'2022-05-24 15:51:06',5,1,12),(1128,'2022-05-24 15:51:06',0,1,13),(1129,'2022-05-24 15:51:06',0,1,14),(1130,'2022-05-24 15:52:07',2,1,3),(1131,'2022-05-24 15:52:07',3,1,4),(1132,'2022-05-24 15:52:07',4,1,5),(1133,'2022-05-24 15:52:07',2,1,6),(1134,'2022-05-24 15:52:07',3,1,7),(1135,'2022-05-24 15:52:07',4,1,8),(1136,'2022-05-24 15:52:08',525,1,9),(1137,'2022-05-24 15:52:08',142,1,10),(1138,'2022-05-24 15:52:08',21,1,11),(1139,'2022-05-24 15:52:08',5,1,12),(1140,'2022-05-24 15:52:08',0,1,13),(1141,'2022-05-24 15:52:08',0,1,14),(1142,'2022-05-24 15:53:09',2,1,3),(1143,'2022-05-24 15:53:10',3,1,4),(1144,'2022-05-24 15:53:10',4,1,5),(1145,'2022-05-24 15:53:10',2,1,6),(1146,'2022-05-24 15:53:10',3,1,7),(1147,'2022-05-24 15:53:10',4,1,8),(1148,'2022-05-24 15:53:10',525,1,9),(1149,'2022-05-24 15:53:10',142,1,10),(1150,'2022-05-24 15:53:10',21,1,11),(1151,'2022-05-24 15:53:10',5,1,12),(1152,'2022-05-24 15:53:11',0,1,13),(1153,'2022-05-24 15:53:11',0,1,14),(1154,'2022-05-24 15:54:12',2,1,3),(1155,'2022-05-24 15:54:12',4,1,4),(1156,'2022-05-24 15:54:12',4,1,5),(1157,'2022-05-24 15:54:12',2,1,6),(1158,'2022-05-24 15:54:12',4,1,7),(1159,'2022-05-24 15:54:12',4,1,8),(1160,'2022-05-24 15:54:13',579,1,9),(1161,'2022-05-24 15:54:13',159,1,10),(1162,'2022-05-24 15:54:13',23,1,11),(1163,'2022-05-24 15:54:13',5,1,12),(1164,'2022-05-24 15:54:13',0,1,13),(1165,'2022-05-24 15:54:13',0,1,14),(1166,'2022-05-24 15:55:14',2,1,3),(1167,'2022-05-24 15:55:15',4,1,4),(1168,'2022-05-24 15:55:15',4,1,5),(1169,'2022-05-24 15:55:15',2,1,6),(1170,'2022-05-24 15:55:15',4,1,7),(1171,'2022-05-24 15:55:15',4,1,8),(1172,'2022-05-24 15:55:15',579,1,9),(1173,'2022-05-24 15:55:15',159,1,10),(1174,'2022-05-24 15:55:16',23,1,11),(1175,'2022-05-24 15:55:16',5,1,12),(1176,'2022-05-24 15:55:16',0,1,13),(1177,'2022-05-24 15:55:16',0,1,14),(1178,'2022-05-24 15:56:17',1,1,3),(1179,'2022-05-24 15:56:17',3,1,4),(1180,'2022-05-24 15:56:18',3,1,5),(1181,'2022-05-24 15:56:18',1,1,6),(1182,'2022-05-24 15:56:18',3,1,7),(1183,'2022-05-24 15:56:18',3,1,8),(1184,'2022-05-24 15:56:18',579,1,9),(1185,'2022-05-24 15:56:18',159,1,10),(1186,'2022-05-24 15:56:18',23,1,11),(1187,'2022-05-24 15:56:19',5,1,12),(1188,'2022-05-24 15:56:19',0,1,13),(1189,'2022-05-24 15:56:19',0,1,14),(1190,'2022-05-24 15:56:32',2,1,3),(1191,'2022-05-24 15:56:32',3,1,4),(1192,'2022-05-24 15:56:32',4,1,5),(1193,'2022-05-24 15:56:32',2,1,6),(1194,'2022-05-24 15:56:33',3,1,7),(1195,'2022-05-24 15:56:33',4,1,8),(1196,'2022-05-24 15:56:33',495,1,9),(1197,'2022-05-24 15:56:33',147,1,10),(1198,'2022-05-24 15:56:33',23,1,11),(1199,'2022-05-24 15:56:33',4,1,12),(1200,'2022-05-24 15:56:33',0,1,13),(1201,'2022-05-24 15:56:33',0,1,14),(1202,'2022-05-24 15:57:34',2,1,3),(1203,'2022-05-24 15:57:34',3,1,4),(1204,'2022-05-24 15:57:34',4,1,5),(1205,'2022-05-24 15:57:34',2,1,6),(1206,'2022-05-24 15:57:34',3,1,7),(1207,'2022-05-24 15:57:34',4,1,8),(1208,'2022-05-24 15:57:34',495,1,9),(1209,'2022-05-24 15:57:35',147,1,10),(1210,'2022-05-24 15:57:35',23,1,11),(1211,'2022-05-24 15:57:35',4,1,12),(1212,'2022-05-24 15:57:35',0,1,13),(1213,'2022-05-24 15:57:35',0,1,14),(1214,'2022-05-24 15:58:25',2,1,3),(1215,'2022-05-24 15:58:25',5,1,4),(1216,'2022-05-24 15:58:25',5,1,5),(1217,'2022-05-24 15:58:25',2,1,6),(1218,'2022-05-24 15:58:25',5,1,7),(1219,'2022-05-24 15:58:25',5,1,8),(1220,'2022-05-24 15:58:25',627,1,9),(1221,'2022-05-24 15:58:25',181,1,10),(1222,'2022-05-24 15:58:25',49,1,11),(1223,'2022-05-24 15:58:25',6,1,12),(1224,'2022-05-24 15:58:25',0,1,13),(1225,'2022-05-24 15:58:25',0,1,14),(1226,'2022-05-24 15:59:26',2,1,3),(1227,'2022-05-24 15:59:26',5,1,4),(1228,'2022-05-24 15:59:26',6,1,5),(1229,'2022-05-24 15:59:26',2,1,6),(1230,'2022-05-24 15:59:26',5,1,7),(1231,'2022-05-24 15:59:26',6,1,8),(1232,'2022-05-24 15:59:26',606,1,9),(1233,'2022-05-24 15:59:26',173,1,10),(1234,'2022-05-24 15:59:27',49,1,11),(1235,'2022-05-24 15:59:27',8,1,12),(1236,'2022-05-24 15:59:27',0,1,13),(1237,'2022-05-24 15:59:27',0,1,14),(1238,'2022-05-24 16:00:28',2,1,3),(1239,'2022-05-24 16:00:28',5,1,4),(1240,'2022-05-24 16:00:28',6,1,5),(1241,'2022-05-24 16:00:29',2,1,6),(1242,'2022-05-24 16:00:29',5,1,7),(1243,'2022-05-24 16:00:29',6,1,8),(1244,'2022-05-24 16:00:29',606,1,9),(1245,'2022-05-24 16:00:29',173,1,10),(1246,'2022-05-24 16:00:29',49,1,11),(1247,'2022-05-24 16:00:29',8,1,12),(1248,'2022-05-24 16:00:29',0,1,13),(1249,'2022-05-24 16:00:30',0,1,14),(1250,'2022-05-24 16:01:31',2,1,3),(1251,'2022-05-24 16:01:31',5,1,4),(1252,'2022-05-24 16:01:31',6,1,5),(1253,'2022-05-24 16:01:31',2,1,6),(1254,'2022-05-24 16:01:31',5,1,7),(1255,'2022-05-24 16:01:31',6,1,8),(1256,'2022-05-24 16:01:31',606,1,9),(1257,'2022-05-24 16:01:32',173,1,10),(1258,'2022-05-24 16:01:32',49,1,11),(1259,'2022-05-24 16:01:32',8,1,12),(1260,'2022-05-24 16:01:32',0,1,13),(1261,'2022-05-24 16:01:32',0,1,14),(1262,'2022-05-24 16:02:33',2,1,3),(1263,'2022-05-24 16:02:33',5,1,4),(1264,'2022-05-24 16:02:33',6,1,5),(1265,'2022-05-24 16:02:33',2,1,6),(1266,'2022-05-24 16:02:34',5,1,7),(1267,'2022-05-24 16:02:34',6,1,8),(1268,'2022-05-24 16:02:34',621,1,9),(1269,'2022-05-24 16:02:34',175,1,10),(1270,'2022-05-24 16:02:34',46,1,11),(1271,'2022-05-24 16:02:34',6,1,12),(1272,'2022-05-24 16:02:34',0,1,13),(1273,'2022-05-24 16:02:34',0,1,14),(1274,'2022-05-24 16:03:36',2,1,3),(1275,'2022-05-24 16:03:36',5,1,4),(1276,'2022-05-24 16:03:36',6,1,5),(1277,'2022-05-24 16:03:36',2,1,6),(1278,'2022-05-24 16:03:36',5,1,7),(1279,'2022-05-24 16:03:36',6,1,8),(1280,'2022-05-24 16:03:36',621,1,9),(1281,'2022-05-24 16:03:36',175,1,10),(1282,'2022-05-24 16:03:36',46,1,11),(1283,'2022-05-24 16:03:37',6,1,12),(1284,'2022-05-24 16:03:37',0,1,13),(1285,'2022-05-24 16:03:37',0,1,14),(1286,'2022-05-24 16:04:38',2,1,3),(1287,'2022-05-24 16:04:38',5,1,4),(1288,'2022-05-24 16:04:38',6,1,5),(1289,'2022-05-24 16:04:38',2,1,6),(1290,'2022-05-24 16:04:38',5,1,7),(1291,'2022-05-24 16:04:38',6,1,8),(1292,'2022-05-24 16:04:39',621,1,9),(1293,'2022-05-24 16:04:39',175,1,10),(1294,'2022-05-24 16:04:39',46,1,11),(1295,'2022-05-24 16:04:39',6,1,12),(1296,'2022-05-24 16:04:39',0,1,13),(1297,'2022-05-24 16:04:39',0,1,14),(1298,'2022-05-24 16:05:40',3,1,3),(1299,'2022-05-24 16:05:40',5,1,4),(1300,'2022-05-24 16:05:41',5,1,5),(1301,'2022-05-24 16:05:41',3,1,6),(1302,'2022-05-24 16:05:41',5,1,7),(1303,'2022-05-24 16:05:41',5,1,8),(1304,'2022-05-24 16:05:41',636,1,9),(1305,'2022-05-24 16:05:41',182,1,10),(1306,'2022-05-24 16:05:41',36,1,11),(1307,'2022-05-24 16:05:41',6,1,12),(1308,'2022-05-24 16:05:42',0,1,13),(1309,'2022-05-24 16:05:42',0,1,14),(1310,'2022-05-24 16:06:43',3,1,3),(1311,'2022-05-24 16:06:43',5,1,4),(1312,'2022-05-24 16:06:43',5,1,5),(1313,'2022-05-24 16:06:43',3,1,6),(1314,'2022-05-24 16:06:43',5,1,7),(1315,'2022-05-24 16:06:43',5,1,8),(1316,'2022-05-24 16:06:43',636,1,9),(1317,'2022-05-24 16:06:43',182,1,10),(1318,'2022-05-24 16:06:44',36,1,11),(1319,'2022-05-24 16:06:44',6,1,12),(1320,'2022-05-24 16:06:44',0,1,13),(1321,'2022-05-24 16:06:44',0,1,14),(1322,'2022-05-24 16:07:02',2,1,3),(1323,'2022-05-24 16:07:02',4,1,4),(1324,'2022-05-24 16:07:02',6,1,5),(1325,'2022-05-24 16:07:02',2,1,6),(1326,'2022-05-24 16:07:02',4,1,7),(1327,'2022-05-24 16:07:02',6,1,8),(1328,'2022-05-24 16:07:02',588,1,9),(1329,'2022-05-24 16:07:02',166,1,10),(1330,'2022-05-24 16:07:02',37,1,11),(1331,'2022-05-24 16:07:02',4,1,12),(1332,'2022-05-24 16:07:02',2,1,13),(1333,'2022-05-24 16:07:02',2,1,14),(1334,'2022-05-24 16:08:03',2,1,3),(1335,'2022-05-24 16:08:03',4,1,4),(1336,'2022-05-24 16:08:03',6,1,5),(1337,'2022-05-24 16:08:03',2,1,6),(1338,'2022-05-24 16:08:03',4,1,7),(1339,'2022-05-24 16:08:03',6,1,8),(1340,'2022-05-24 16:08:03',588,1,9),(1341,'2022-05-24 16:08:03',166,1,10),(1342,'2022-05-24 16:08:03',37,1,11),(1343,'2022-05-24 16:08:04',4,1,12),(1344,'2022-05-24 16:08:04',2,1,13),(1345,'2022-05-24 16:08:04',2,1,14),(1346,'2022-05-24 16:09:05',2,1,3),(1347,'2022-05-24 16:09:05',4,1,4),(1348,'2022-05-24 16:09:05',5,1,5),(1349,'2022-05-24 16:09:05',2,1,6),(1350,'2022-05-24 16:09:05',4,1,7),(1351,'2022-05-24 16:09:05',5,1,8),(1352,'2022-05-24 16:09:05',573,1,9),(1353,'2022-05-24 16:09:05',158,1,10),(1354,'2022-05-24 16:09:05',32,1,11),(1355,'2022-05-24 16:09:05',4,1,12),(1356,'2022-05-24 16:09:05',2,1,13),(1357,'2022-05-24 16:09:06',2,1,14),(1358,'2022-05-24 16:10:07',2,1,3),(1359,'2022-05-24 16:10:07',4,1,4),(1360,'2022-05-24 16:10:07',5,1,5),(1361,'2022-05-24 16:10:07',2,1,6),(1362,'2022-05-24 16:10:07',4,1,7),(1363,'2022-05-24 16:10:07',5,1,8),(1364,'2022-05-24 16:10:07',573,1,9),(1365,'2022-05-24 16:10:08',158,1,10),(1366,'2022-05-24 16:10:08',32,1,11),(1367,'2022-05-24 16:10:08',4,1,12),(1368,'2022-05-24 16:10:08',2,1,13),(1369,'2022-05-24 16:10:08',2,1,14),(1370,'2022-05-24 16:11:09',2,1,3),(1371,'2022-05-24 16:11:09',4,1,4),(1372,'2022-05-24 16:11:09',5,1,5),(1373,'2022-05-24 16:11:10',2,1,6),(1374,'2022-05-24 16:11:10',4,1,7),(1375,'2022-05-24 16:11:10',5,1,8),(1376,'2022-05-24 16:11:10',573,1,9),(1377,'2022-05-24 16:11:10',158,1,10),(1378,'2022-05-24 16:11:10',32,1,11),(1379,'2022-05-24 16:11:10',4,1,12),(1380,'2022-05-24 16:11:10',2,1,13),(1381,'2022-05-24 16:11:10',2,1,14),(1382,'2022-05-24 16:12:12',2,1,3),(1383,'2022-05-24 16:12:12',4,1,4),(1384,'2022-05-24 16:12:12',5,1,5),(1385,'2022-05-24 16:12:12',2,1,6),(1386,'2022-05-24 16:12:12',4,1,7),(1387,'2022-05-24 16:12:12',5,1,8),(1388,'2022-05-24 16:12:12',543,1,9),(1389,'2022-05-24 16:12:12',151,1,10),(1390,'2022-05-24 16:12:13',32,1,11),(1391,'2022-05-24 16:12:13',4,1,12),(1392,'2022-05-24 16:12:13',2,1,13),(1393,'2022-05-24 16:12:13',2,1,14),(1394,'2022-05-24 16:12:42',2,1,3),(1395,'2022-05-24 16:12:42',3,1,4),(1396,'2022-05-24 16:12:42',4,1,5),(1397,'2022-05-24 16:12:42',2,1,6),(1398,'2022-05-24 16:12:42',3,1,7),(1399,'2022-05-24 16:12:42',4,1,8),(1400,'2022-05-24 16:12:42',447,1,9),(1401,'2022-05-24 16:12:42',136,1,10),(1402,'2022-05-24 16:12:42',25,1,11),(1403,'2022-05-24 16:12:42',6,1,12),(1404,'2022-05-24 16:12:42',0,1,13),(1405,'2022-05-24 16:12:42',0,1,14),(1406,'2022-05-24 16:13:43',2,1,3),(1407,'2022-05-24 16:13:43',2,1,4),(1408,'2022-05-24 16:13:43',3,1,5),(1409,'2022-05-24 16:13:44',2,1,6),(1410,'2022-05-24 16:13:44',2,1,7),(1411,'2022-05-24 16:13:44',3,1,8),(1412,'2022-05-24 16:13:44',408,1,9),(1413,'2022-05-24 16:13:44',123,1,10),(1414,'2022-05-24 16:13:44',20,1,11),(1415,'2022-05-24 16:13:44',4,1,12),(1416,'2022-05-24 16:13:45',0,1,13),(1417,'2022-05-24 16:13:45',0,1,14),(1418,'2022-05-24 16:14:46',2,1,3),(1419,'2022-05-24 16:14:46',2,1,4),(1420,'2022-05-24 16:14:46',3,1,5),(1421,'2022-05-24 16:14:46',2,1,6),(1422,'2022-05-24 16:14:46',2,1,7),(1423,'2022-05-24 16:14:46',3,1,8),(1424,'2022-05-24 16:14:47',408,1,9),(1425,'2022-05-24 16:14:47',123,1,10),(1426,'2022-05-24 16:14:47',20,1,11),(1427,'2022-05-24 16:14:47',4,1,12),(1428,'2022-05-24 16:14:47',0,1,13),(1429,'2022-05-24 16:14:47',0,1,14),(1430,'2022-05-24 16:15:48',2,1,3),(1431,'2022-05-24 16:15:49',2,1,4),(1432,'2022-05-24 16:15:49',3,1,5),(1433,'2022-05-24 16:15:49',2,1,6),(1434,'2022-05-24 16:15:49',2,1,7),(1435,'2022-05-24 16:15:49',3,1,8),(1436,'2022-05-24 16:15:49',408,1,9),(1437,'2022-05-24 16:15:49',123,1,10),(1438,'2022-05-24 16:15:49',20,1,11),(1439,'2022-05-24 16:15:49',4,1,12),(1440,'2022-05-24 16:15:50',0,1,13),(1441,'2022-05-24 16:15:50',0,1,14),(1442,'2022-05-24 16:16:51',2,1,3),(1443,'2022-05-24 16:16:51',2,1,4),(1444,'2022-05-24 16:16:51',2,1,5),(1445,'2022-05-24 16:16:51',2,1,6),(1446,'2022-05-24 16:16:51',2,1,7),(1447,'2022-05-24 16:16:51',2,1,8),(1448,'2022-05-24 16:16:52',408,1,9),(1449,'2022-05-24 16:16:52',123,1,10),(1450,'2022-05-24 16:16:52',18,1,11),(1451,'2022-05-24 16:16:52',2,1,12),(1452,'2022-05-24 16:16:52',0,1,13),(1453,'2022-05-24 16:16:52',0,1,14),(1454,'2022-05-24 16:17:53',2,1,3),(1455,'2022-05-24 16:17:53',2,1,4),(1456,'2022-05-24 16:17:54',2,1,5),(1457,'2022-05-24 16:17:54',2,1,6),(1458,'2022-05-24 16:17:54',2,1,7),(1459,'2022-05-24 16:17:54',2,1,8),(1460,'2022-05-24 16:17:54',408,1,9),(1461,'2022-05-24 16:17:54',123,1,10),(1462,'2022-05-24 16:17:54',18,1,11),(1463,'2022-05-24 16:17:54',2,1,12),(1464,'2022-05-24 16:17:54',0,1,13),(1465,'2022-05-24 16:17:55',0,1,14),(1466,'2022-05-24 16:18:56',2,1,3),(1467,'2022-05-24 16:18:56',2,1,4),(1468,'2022-05-24 16:18:56',2,1,5),(1469,'2022-05-24 16:18:56',2,1,6),(1470,'2022-05-24 16:18:56',2,1,7),(1471,'2022-05-24 16:18:56',2,1,8),(1472,'2022-05-24 16:18:56',408,1,9),(1473,'2022-05-24 16:18:56',123,1,10),(1474,'2022-05-24 16:18:57',18,1,11),(1475,'2022-05-24 16:18:57',2,1,12),(1476,'2022-05-24 16:18:57',0,1,13),(1477,'2022-05-24 16:18:57',0,1,14),(1478,'2022-05-24 16:19:58',2,1,3),(1479,'2022-05-24 16:19:58',3,1,4),(1480,'2022-05-24 16:19:58',3,1,5),(1481,'2022-05-24 16:19:58',2,1,6),(1482,'2022-05-24 16:19:59',3,1,7),(1483,'2022-05-24 16:19:59',3,1,8),(1484,'2022-05-24 16:19:59',417,1,9),(1485,'2022-05-24 16:19:59',126,1,10),(1486,'2022-05-24 16:19:59',18,1,11),(1487,'2022-05-24 16:19:59',2,1,12),(1488,'2022-05-24 16:19:59',0,1,13),(1489,'2022-05-24 16:19:59',0,1,14);
/*!40000 ALTER TABLE `historiek` ENABLE KEYS */;
UNLOCK TABLES;
/*!40103 SET TIME_ZONE=@OLD_TIME_ZONE */;

/*!40101 SET SQL_MODE=@OLD_SQL_MODE */;
/*!40014 SET FOREIGN_KEY_CHECKS=@OLD_FOREIGN_KEY_CHECKS */;
/*!40014 SET UNIQUE_CHECKS=@OLD_UNIQUE_CHECKS */;
/*!40101 SET CHARACTER_SET_CLIENT=@OLD_CHARACTER_SET_CLIENT */;
/*!40101 SET CHARACTER_SET_RESULTS=@OLD_CHARACTER_SET_RESULTS */;
/*!40101 SET COLLATION_CONNECTION=@OLD_COLLATION_CONNECTION */;
/*!40111 SET SQL_NOTES=@OLD_SQL_NOTES */;

-- Dump completed on 2022-05-27  9:31:05
